{
	"name": "alien-biomes",
	"version": "0.3.8",
	"title": "Alien Biomes",
	"author": "Earendel",
	"dependencies": ["base >= 0.16.0", "?alien-biomes-hr-terrain >= 0.3.1"],
	"description": "A collection of additional biomes: Snow, Volcanic, Crater, various colors of Dirt, Sand and Grass. Includes new tree and decorative variants. There are planet controls in the mod options. V3 is a complete rebuild, starting a new map is advised, but there is a terrain regeneration option that will preserve parts of your base. HR Terrain Textures are in a separate mod.",
	"factorio_version": "0.16",
	"homepage":"https://forums.factorio.com/viewtopic.php?f=144&t=38832&p=234155"
}
